female	1495	Umukamo(litiro): 5000
female	401	Ibipimo bikoreshwa:
female	1741	Korora nabi
female	2679	Tereyi z’amagi,
female	228	Kwinika imyumbati:
female	251	Telefoni: 0784009558
female	4342	Gufumbira ibireti
female	2325	Uburemere bw’inkoko:1600-1800g
female	263	Telefoni: 0783035453
female	1634	Zihanganira ubushyuhe
female	2441	Ibyo ziriramo
female	242	Telefoni: 0787383644
female	2294	Inkingo:CEVAC IBDL
female	1215	Imiti irigukukoreshwa:
female	214	GUSARURA IMYUMBATI
female	259	Telefoni: 0788826571
female	2004	Kororoka kw’intama
female	1859	Imaze kubyara:
female	249	Telefoni: 0783148693
female	1320	Gutera ifumbire
female	261	Telefoni: 0788847267.
female	2333	Uburemere bw’inkoko:2100-2300g
female	1879	Ikiraro cy’ihene
female	244	Telefoni: 0788521038
female	2342	Indwara ikingirwa:Marek
female	1383	Gutera umuti wabugenewe
female	2309	Uburemere bw’inkoko: 460-520g
female	693	Kirabiranya/ (Fusarium wilt)
female	3738	INdwara y'isazi y'umuceri
female	563	Gusimburanya neza ibihingwa,
female	2305	Uburemere bw’inkoko: 260-300g
female	539	Gutera ingemwe z’ibitunguru
female	1412	Urugero: Kwirinda Amakore.
female	2665	Ingugunnyi / imbeba
female	3952	Ipamba ibiro 36
female	1491	Umusaruro iyo ibazwe:45%
female	1294	Amoko yamamazwa y’icyayi
female	2844	Izuba ry’igihe kirekire
female	1950	Kutabangurira inyagazi kabiri;
female	1203	Uko agasurira kangiza:
female	2099	Benzoate du Benzyl
female	2092	Uburyo bwo kuyirwanya:
female	560	Imitwe y’amababi iruma.
female	2598	Indwara y’ubuhumekero (bronchitis)
female	3186	Ishwagara ikoreshwa ite?
female	446	Kurwanya indwara n’ibyonnyi.
female	2652	Ijisho rimeze neza
female	440	Gutera ingemwe z’inyanya
female	2848	ibitishingirwa ku bigori:
female	5071	Ibimenyetso bya kabore
female	3927	* Guhinga imbuto mbi,
female	4371	Igihingwa cy'intoryi ni iki?
female	3303	Gushyira impeke ebyiri mu kobo.
female	2354	Indwara ikingirwa:New Castle (ND)
female	3668	Imyaka ihunitse irindwa kwinjirwamo n’umuyaga ukonje
female	4885	Amoko  ya soya yamamazwa mu Rwanda
female	3573	Gusimburanya ingano n’ibindi bihingwa
female	2782	1 m² ku nkokokazi 5 zitera;
female	2288	Uko inkingo zitangwa:Urukingo rutangirwa mu ituragiro
female	1891	Cyane inyama zidahiye neza.
female	1359	Kwirinda indwara y’ibidomo by’ibijuju
female	1857	Mu gihe iri kubyara:
female	686	rufite ibara ry’ikijuju gishyira
female	4780	Sitevia ntikura neza ku butaka bw’urwunyunyu.
female	2289	Indwara ikingirwa :Infectious bronchitis BI (Variant):
female	4321	•Iyo urandura ibijumba ubanza koroshya ubutaka.
female	3917	Kujonjora imbuto n’ibindi byivanze bitari ibishyimbo
female	2584	Nta bundi buryo buhari bwo kuyirinda.
female	3531	Ubutaka bwo guhingamo ingano
female	2202	Zifasha kororoka kwa Tilapia
female	5072	Amakoma akuze agenda aba umuhondo.
female	600	Twangiza ibitungura turuma abababi tukanyunyuza amatembagihingwa.
female	849	Ibimenyetso biranga kirabiranya yo mu miteja
female	4188	Aho amatunda ahingwa n'ubutaka ahingwamo
female	3163	Ni cyo bita “kurigita kw’imyunyu y’ubutaka’’.
female	951	Ku rurabo, utudomo duto tw’umukara tugenda twiyongera kugeza duhuye tukica ururabo rugahubguka.
female	4507	Izi mboga zikunda ubutaka bwumutse butarekamo amazi, bw’inombe, burimo imborera ihagije.
female	2024	Ikigero cy’intama zifatwa n’inzoka zo mu nda: Intama ntoya n’inkuru
female	855	Kuvana ibisigazwa by’imyaka mu murima nyuma yo gusarura.
female	2962	Kwemeza urutonde bikorwa Bitarenze Nyakanga buri mwaka
female	2521	Icy’ingenzi kurusha ibi byose byavuzwe umworozi agomba gukingira inkoko ze ku gihe.
female	195	INDWARA Y’UDUSAZI TW’ UMWERU MU MYUMBATI (WHITEFLY)
female	3959	Gutegura aho igisharagati gihingwamo ibihumyo  kigomba kwubakwa
female	439	Ingemwe zigemurwa zimaze ibyumweru 4 mu buhumbikiro (amababi 34-).
female	4551	Watera ho kandi imiti yica udukoko nka abamectin na alfa-cypermethrin.
female	3364	indwara y'ingenge z'amabara y'ibigori yirindwa mu buryo bukurikira:
female	3435	Utwo dusanduka tubika amababa dufite utudomo tw’umutuku wijimye cyangwe oranje yijimye.
female	4731	Indwara y’uruhumbu rw’umweru muri pome (Powdery mildew)
female	4927	Amababi yafashwe agira amabara y’umuhondo ku ruhande rwo hejuru nyuma agacikagurika.
female	1871	Kuyogeshwa isabune n’uburoso, kuyifuhera cyangwa kuyitera umuti urwanya uruheri,
female	2018	Iyo yonsa bayiha gr 300-400 ku munsi bakurikije umubare w’abana ;
female	4127	Pruktor F1: Yera mu minsi 80, igapima kg 5-6.
female	2063	Abana b’urukwavu batangira kureba bamaze iminsi 12 bavutse;
female	3553	Kurwanya kubabuka kw’amabibi ni ugukoresha imbuto zidafatwa n’iyo ndwara.
female	3017	Ifumbire y’imborera irimo amoko atandukanye, ayo ingenzi n’aya akurikira:
female	3470	Uburyo bwo kurwanya indwara ya Kanyugunyugu mu bigori
female	4793	Uko bategura umurima wo guhingamo siteviya ni uku:
female	2705	Ibyo bagaburiramo n’ibyo zinyweramo amazi n'ibindi bikoresho
female	395	Akaribata ni indwara yangiza cyane urusenda rweze.
female	5062	Uburyo bwo kurwanya kirabiranya y'urutoki igihe yageze mu murima ni ubu bukurikira:
female	712	Gutera umuti urimo Mancozeb + Metalaxyl cyangwa gukoresha imiti irimo copper nka Copper oxychloride ku gipimo cya 37.5g/15l z’amazi.
female	1942	Ibiribwa biseye cyane bituma ingurube itituma neza, naho ibiheretuye cyane, bituma ingurube irwara igifu
female	3390	Icyonyi cya bariyentaraza cyangwa Kurisuka ni icyatsi gitagira imizi kisunga imizi y’igihingwa cyane cyane ibinyampeke nk’ibigori n’amasaka
female	4593	Mu gutera cukura imyobo ifite ubugari bwa cm 30 na cm 30 z’ubujyakuzimu.
female	4434	● Nyuma yo gusarura ubwa mbere, sarura mu byiciro (akenshi buri cyumweru), kandi ukomeze kwita ku ntoryi , uzuhira .
female	482	Gutera imiti yica uduhumyo nka Carbendazim, Copper, Tryciclazole (Beem), Chlorothalonil, Thiovit, Mancozeb (Vanga garama 50 z’umuti muri litiro 20 z’amazi)
female	431	K’umurima ungana na ari imwe, hakoreshwa imbuto zingana na garama 2, ifumbire y’imborera y’ibiro 250, ifumbire ya NPK 17.17.17 ingana n’ibiro 3, ifumbire ya Ire ibiro 1.3 kugira ngo umusaruro ube mwiza, hakaba hakenewe ingemwe zigera kuri 270.
female	4738	- Sulphur 80% WG: 40-160gr /20L, Iminsi yo gusarura nyuma yo gutera umuti(PHI): Iminsi 3- Chlorothalonil 50%SC: 20ml /20L, PHI Iminsi 7 - 15- Copper hydroxide 50% WP: 40-60ml/20L,PHI: Iminsi 14- Copper oxychloride 50%WP: 50-70ml /20L, PHI :Iminsi 14
female	4609	Icyitonderwa: Igihe kurujete zitereweho mu murima zitanyujijiwe mu bihoho, zihabwa ifumbire mvaruganda kuburyo bukurikira:Garama 20 za NPK 17-17-17/ku mwobo ku munsi wo gutera,Garama 20 za NPK 17-17-17 ku minsi 30 nyuma yo gutera
female	2268	Hari ubundi bwoko bushobora gutera amagi 300 ku mwaka, aha twavuga nka Warren ;
female	4361	Uko barwanya iyo indwara: umuhinzi atera amoko y’ibireti yihanganira iyo ndwara, guhinga neza bagirira isuku igihingwa, kubisikanya ibireti n’ikindi gihingwa (ibirayi); gutera ingemwe neza ahantu h’ubutaka buhitisha amazi.
female	4033	Umusaruro wa mbere utangira kuboneka nyuma y’imyaka itatu igiti gitewe, ariko umusaruro ugenda uzamuka buri mwaka.
female	4516	Hitamo umurima udaheruka guhingwamo ibimera biri mu muryango mugari umwe na dodo/imbwija nka beterave na sipinaci n’ibindi mu gihembwe cy’ihinga giheruka.Hinga neza ugeza isuka mu butaka ku bujyakuzimu bwa cm 30 kugira ngo bifashe kuringaniza ubutaka neza, guhitisha umwuka no gushora imizi.Menagura ibinonko byose ukuramo amabuye n’ibyatsi byose.
female	3284	Ku muhinzi ufite ubutaka buto ashobora no gukoresha imashini ntoya (powertillers) mu guhinga, kuhira no gutwara umusaruro.
female	2075	Rushobora kurya kg 2-2,5 z’ibyatsi ku munsi bashyira mu byo kuriramo kitegeranye n’icyarire;
female	4678	Kuvomerera ibiti bya pome : - Kuvomerera bifasha kugira ngo ibiti bikure neza bitange n’umusaruro mwiza.- Pome zibangamirwa no kubura kw’imvura, zikenera amazi cyane mu gihe cy’ururabo, cyo kuzana imbuto no gukura kw’imbuto.- Kuvomerera rimwe mu byumweru 3 byagaragaye ko bituma ibiti byera vuba ndetse n’imbuto zeze zikaba nini.
female	2949	Komite ya Girinka kuri buri rwego ikora urutonde rw’abemejwe rukamanikwa ahantu hahurira abantu benshi bitarenze iminsi itatu (3) rumaze kwemezwa
female	4468	•Nyanyagiza imborera iboze neza, kg 250 kuri ari ku mitabo uyivange neza n’itaka mu cyumweru kimwe mbere yo gutera.Ca uduferege dufite ubujyakuzimu butarengeje cm 3 kandi dutandukanijwe n’intera ya cm 20.
female	2619	Ubutabazi bw’ibanze: Mu gihe ugitegereje umuganga w’amatungo nibyiza kuziha amavitamine, imyunyungugu, amazi meza n’indyo yuzuye no kuzitaho.
female	160	Iyo ifashwe yarashoye ntabwo yera neza; umusaruro ugabanuka bitewe n’ ikigero yari igezemo n’ubukana bw’indwara.
female	3346	Bikorwa igihe cyose ibyatsi cyangwa ibindi bihingwa byimejeje bigaragariye mu murima kugeza igihe ibigori bimaze kwera hasigaye nk’ibyumweru bibiri ngo bisarurwe.
female	2720	Gusa hari aho biba ngombwa ko ingano cyangwa se amasaha asabwa y’urumuri ku munsi aterwa n’ubwoko bw’inkoko woroye.
female	1241	Twinjirira hejuru ku gashami kakiri gato koroshye gupfumura, kakarya igiti kamanuka mu ntimatima.
female	4185	Irinde indwara utera usimburanya imiti ikurikira irimo cuwivure (copper) urugero gitenge, komanda na funguran.
female	912	Iyo umubangurizo wakoreshejwe mu kubangurira umaze gukura ku buryo ureshya na cm 40 umuhinzi awuca umutwe.
female2	2280	Inkingo:CEVAC Ibird
female2	243	Telefoni: 0788521038
female2	1263	Ibimenyetso by’umugese
female2	1474	Kugaburira inka
female2	280	Telefoni: 0788450957
female2	1332	Gutwara icyayi
female2	1763	Ibiraro by'ingurube
female2	1735	Korora nabi
female2	2284	Inkingo:CEVAC IBDL
female2	254	Telefoni: 0783631748
female2	580	Gusimburanya ibihingwa,
female2	2075	Umusaruro w’inkwavu
female2	1789	Imyororokere y'ingurube
female2	2326	Amazi(mililitiro): 260-350
female2	1448	Kororoka kw’inka
female2	284	Telefoni: 0788585037.
female2	2006	Igaburo ry’intama
female2	3107	Uko bikorwa
female2	3077	Kurwanya isuri,
female2	1872	Ikiraro cy’ihene
female2	1619	Ikura vuba
female2	1709	Abana b’ingurube:
female2	1304	Gutsindagira neza
female2	417	1ML/1L y’amazi
female2	256	Telefoni: 0788508775.
female2	1033	Ubugari bw’umutabo: 1.20m-1.50m,
female2	855	Randura ibishyimbo byafashwe
female2	1286	Ubutaka buberanye n’icyayi
female2	2879	Hishingirwa amatungo akurikira:
female2	3769	Aho ibishyimbo bihingwa
female2	98	Icyitonderwa mu gusarura
female2	2406	Guha imishwi amazi
female2	2731	Imbabura hakoreshejwe amakara
female2	1034	Uburebure bw’umutabo: 10m-12m,
female2	1394	Amababi ahinduka umuhondo
female2	1481	Umusaruro iyo ibazwe:50%
female2	47	indwara y’URUNYO RW’IBIRAYI
female2	817	Indwara ikwirakwizwa n’inda.
female2	2242	Hafi y’amazi n’amashanyarazi
female2	2552	Amababa n’ibirokoroko byijimye.
female2	2039	Aho inkwavu ziba
female2	2832	Ibyishingirwa ku bigori:
female2	2642	Ijisho rimeze neza
female2	1537	Ubutaka bubyimbisha (BQ)
female2	697	Gukurikiranya neza ibihingwa.
female2	3115	Bigomba kuba bihehereye.
female2	2472	yakoreshejwe n’izindi nkoko
female2	2838	ibitishingirwa ku bigori:
female2	2877	Ibitari mu masezerano,
female2	3042	Harenzwaho na none
female2	2842	Igihombo gikomoka ku gutinda gusarura,
female2	290	NPK (17.17.17): hakenerwa ibiro 4.7.
female2	1755	Gukoreshwa cyane (kwimya inshuro nyinshi)
female2	3540	Uburyo bwo kwirinda Kubabuka kw’amababi y'ibigori
female2	3419	Icyonnyi cy' Imungu mu bigori
female2	2920	k’umuceri ibitishingirwa ni iki?
female2	3729	Ibimenyetso biranga indwara y'isazi y’umuceri
female2	3441	Pyrimiphos-Methyl 400g/l + 75g/l Permethrin, EC
female2	2566	Udusebe mu kanwa no mu muhogo
female2	2998	Kurumbura ubutaka n’ ifumbire y’ imborera
female2	2147	▪ Gusimbuza ibishashara bishaje
female2	1493	Igihe imara ikamwa (iminsi):333
female2	1506	Ikibagarira (igikira) mu nka
female2	1511	Umwumira (Anaplasmose) mu nka
female2	1498	Indwara y'inzoka mu nka
female2	476	Gukura mu murima ibisigazwa by’inyanya,
female2	1839	Soya ikaranze : ibiro 14
female2	2373	Gusukura ikiraro no hanze yacyo
female2	1521	-Kurwanya isazi ya Tsétsé
female2	318	Cukura imyobo y’ubujyakuzimu bwa cm 15.
female2	775	Amababi arabengerana akagaragaraho indodo z’udutagangurirwa.
female2	341	Aka gahumyo gakwirakwizwa n’imbuto zirwaye.
female2	805	Umugese wo mu miteja
female2	1673	Hagomba buri gihe kubamo inyongera y’imyunyu.
female2	684	rufite ibara ry’ikijuju gishyira
female2	622	Kubagara: Bikorwa igihe cyose hagarayemo ibyatsi bibi.
female2	2011	Iyo yonsa bayiha gr 300-400 ku munsi bakurikije umubare w’abana ;
female2	3564	Copper Oxychloride (Nordox, Funguran): garama 30 muri Litiro 20 z’amazi.
female2	313	Ingemwe zigemurwa zimaze iminsi 45-60 mu buhumbikiro (amababi 4-5).
female2	572	Nyuma, irangwa n’ibidomo byijimye imbere ariko byerurutse ku
female2	2	kuri are imwe 1 hakoreshwa imbuto iri hagati y’ibiro 20 na 25
female2	3405	Nkongwa itangira yangiza amababi akiri mato iharura nyuma ikajya mu mwumba.
female2	850	Umuzi muremure uratukura naho indi yo mu mpande ikanga gukura.
female2	3214	Kureba ko akuma gafungura amazi kerekeye mu cyerekezo ushaka ko ukoreramo
female2	570	Iyi ndwara igaragara mu gihe cy’imvura nyinshi.
female2	2113	Imirimo yo mi bworozi bw'inzuki y’igihe ubuki butariho
female2	3617	Inyoni zishobora gutubya umusaruro kugeza ku 100% mu gihe umurima utarinzwe bikwiye.
female2	120	Imyumbati ikunda ubutaka bw’isi ndende buseseka kandi buhitisha amazi.
female2	403	Iyi ndwara iterwa na bagiteri.Iyi ndwara akenshi ituruka mu butaka burwaye.
female2	1180	Ishwagara iterwa mu gihe cy’izuba mu mezi ya Nyakanga na kanama
female2	3619	kurinda no kurwanya inyoni mu ngano bikorwa mu buryo bukurikira:
female2	2210	Mu Rwanda haboneka amoko y’amafi arenga gato mirongo itatu.
female2	832	Simbuza neza ibihingwa wirinda gusubiza ibishyimbo aho bisaruwe.
female2	3748	Uburyo bwo kwanika umuceri ni ibu bukurikira:
female2	1514	Uko barwanya indwara y’ Umwumira (Anaplasmose) mu nka
female2	2037	Kurwanya indwara y’ibisebe byo mu binono mu ntama
female2	3571	indwara y'umugese w’umukara mu ngano iterwa n’agahumyo gakwirakwizwa n’umuyaga.
female2	2115	Ubuki buba buke muri Mutarama, Mata, Gicurasi, Ugushyingo n’Ukuboza.
female2	2809	Udafite ubusembwa cyangwa ubumuga ,ubumuga bw’amaguru, ijosi ndetse n’umunwa.
female2	678	Uko bazivura Milidiyu y’ifu (Powdery mildew) muri watermelon
female2	899	Cukura imyobo ya cm 60-100 impande na cm 60-100 ibujyakuzimu (ibi bipimo bigenda bihinduka bitewe n’ubwoko bw’ubutaka).
female2	3473	Mu gusarura ibigori, amahundo avanwa ku bigorigori akagumishwaho ibishishwa cyangwa bikavanwaho bitewe n’ubwanikiro buzakoreshwa, kandi bigomba gusarurirwa mubikoresho bifite isuku kandi hirindwa ko byahura n’ubutaka.
female2	3351	Ibyo bimenyetso kandi bitangirira ku bibabi byo hejuru bikagenda bimanuka ku bibabi byo hasi.
female2	3423	Utwo tuntu tumeze nk’udutobora tugaragara kandi dutonze umurongo ku dusanduka tubika amababa kandi dutwikiriye igihimba k’inyuma.
female2	3448	Amababa y’imbere ni maremare, asa n’igohogo cyijya kweruruka cyangwe n’umuhondo wijimye kandi afite utudomo tujya kwirabura.
female2	2386	Kwita ku mishwi y’inkoko ni igikorwa gisaba ubushishozi n’ubunararibonye buhambaye cyane cyane mbere na nyuma yaho imishwi igereye aho igomba kurererwa.
female2	642	Umurama uhumbikwa mu bihoho bifite umurambararo wa cm 7.5 kandi bikozwe mubirere cyangwa iby’amashashi.
female2	1108	Ako gahumyo gakunda kwibera ku bisambo, imbuto zaguye zikabora cyangwa se ibibabi byaguye.
female2	803	Tera ibigori na kokombure hafi y’umurima w’imiteja bizakurura ibinyabwoya bibihugireho kuko bibikurura kurusha imiteja.
female2	2575	Kwirinda no kuvura indwara y’Ubushita (Fowl pox)mu nkoko : Iyi ndwara nta muti igira.
female2	1908	Uburyo bwa mbere: Ingurube igira umuriro mwinshi cyane kugeza kuri 42oC, inanirwa kurya, igatitira, yubika umutwe hasi, ubundi ikananirwa kugenda, yikuruza ku matako.
female2	3416	Lambda-Cyhalothrin garama 50/litiro, ku rugero rwa mililitiro 1 kugera kuri 2 z’umuti muri litiro 1 y’amazi;
female2	1215	Bavanga ml 4.5 z’umuti na litiro 15 z’amazi maze iyo mvange igaterwa ku biti hagati ya 40 na 45.
female2	3712	Imiti ikoreshwa mu kurwanya uburima bw’umuceri ni nayo ikoreshwa mu kurwanya indwara yo kubabuka k’umuceri.
female2	167	Gusura umurima w’imyumbati kenshi nibura rimwe mu kwezi cg mu mezi atatu, iyabembye ikarandurwa.
female2	1471	Inka zikamwa n’izihaka hejuru y’amezi arindwi, ni byiza kongera ku igaburo ryazo risanzwe ibiryo mvaruganda.
female2	3778	Ibishyimbo bishingirirwa : CAB 2, MAC 44, RWV 1129, RWV 3316, RWV 3317,
female2	2751	Ku Munsi Wa 1 w'imishwiUmworozi agomba kugenzura kuburyo buhoraho niba mu bunywero harimo amazi meza yo kunywa.
female2	1139	Gutera umuti nka nka Copper oxychloride/ hydroxide, carbendazim cyangwa chlorothalonil mu gihe cy’irabya, mugihe cyo kuzana imbuto na nyuma y’isarura,
female2	206	Ibiti byafashwe biba bifite amababi ameze nk’ibihuru, bigakura gahoro, ingingo zikaba ngufi kandi igiti kikagorama gihereye ahafashwe.
female2	2184	Kareremba zishyirwa mu biyaga, mu nzuzi no bizenga by’amazi mu rwego rwo kurinda mafi kugeza asaruwe.
female2	668	Igihaza gihindura ijwi iyo ugikubise nikiganza kivuga n’ijwi rinini, ariko bisaba ubuhanga cyangwa kubimenyera kugirango ubimenye.
female2	1889	Strongyloides: ni utuyoka duto cyane dupa hagati ya mm3-5, twanduza gusa abana b’ingurube bacyonka .
female2	3722	Ubushakashatsi bwerekanye ko indwara y’Ikivejuru iterwa n’udukoko turuma kumuceli ufite iyo ndwara hanyuma tukaza no kuruma ku muceli utaragerwaho n’ubwandu.
female2	2778	Kugabura neza rero nta kundi ni ugutanga indyoyuzuye, ku kigero cyagenwe kandi yujuje ubuziranenge.